character,n.male,n.female
阿,277856,598454
啊,2726,5330
皑,392,640
蔼,1735,7691
霭,496,2499
艾,60098,247092
爱,1443486,8347869
叆,11,34
安,4610624,1114890
桉,4250,1711
谙,124,134
岸,22487,11265
昂,114849,10247
敖,17441,2114
遨,1107,130
熬,1475,105
翱,15014,1310
鳌,6121,128
傲,93106,33758
奥,124385,28948
骜,4052,423
澳,46028,10316
鏊,180,15
八,43674,38700
巴,41015,23492
粑,1,1
拔,667,96
白,80178,207742
百,276137,101455
佰,136942,39523
柏,820862,158797
拜,662,339
班,5120,2273
板,1220,2912
邦,673998,154210
帮,293280,125144
榜,63269,3175
包,5347,1998
薄,2067,611
宝,5172285,2127202
保,3517598,832890
葆,7780,5287
报,11204,860
抱,845,702
豹,86099,227
鲍,953,65
暴,120,34
杯,2766,1275
北,147648,24703
贝,86040,200807
备,26759,3003
倍,14784,18071
被,108,328
琲,244,1008
焙,977,769
蓓,7003,205658
奔,42332,4410
犇,15187,658
本,1096052,401865
笨,293,209
镚,16,0
比,5245,3339
彼,1446,138
必,335288,172516
毕,22837,13225
铋,46,28
弼,6039,391
碧,222613,2524623
壁,5184,2918
璧,3947,5419
边,5893,3025
卞,134,187
变,1927,102972
标,845697,10698
彪,967676,3401
飙,3459,90
镖,4281,108
镳,232,8
表,9342,1904
苾,47,297
邠,3,0
玢,952,3973
宾,508910,42041
彬,3332598,471470
斌,4814830,243107
滨,425603,55294
缤,2195,2275
槟,10546,1806
镔,9625,895
膑,1096,179
冰,444612,920261
兵,4454868,242185
丙,473169,184529
邴,55,5
秉,204130,34801
柄,15255,1392
炳,1598317,336561
卜,21735,12990
波,5517079,1119504
玻,2612,442
菠,4139,2508
伯,542519,139798
泊,23534,5210
勃,65383,7933
铂,6765,1161
博,2060262,283098
渤,19131,2385
搏,16639,1463
擘,1314,241
布,41532,13806
步,144816,41060
部,1241,135
才,4335195,456247
材,57873,1548
财,1755371,80700
裁,92,26
采,10037,66793
彩,321983,4929244
菜,599,28378
蔡,3451,3272
参,22501,10045
灿,740373,292290
粲,2433,2989
璨,10272,22151
仓,188522,5293
苍,26699,2560
沧,4272,177
藏,4772,13635
操,27569,2056
曹,9625,2641
草,11736,41840
策,98477,10271
岑,34318,42598
涔,978,1674
层,2836,8086
曾,49232,26881
茶,3637,134544
查,4782,4995
钗,4718,101717
柴,540,473
婵,3343,548106
禅,1512,1842
蝉,1942,16197
潺,1283,1684
产,14627,1300
昌,4834799,996487
尝,658,628
常,556042,233275
偿,219,342
嫦,299,159246
长,5015722,1536700
厂,20146,321
场,5377,159
昶,45506,4728
畅,181748,187418
唱,3938,8307
怊,8,9
钞,3701,586
绰,914,681
超,5289288,838488
焯,33321,5146
晁,1791,165
巢,393,124
朝,2802255,1103856
潮,223546,16760
车,6405,7427
彻,3050,313
澈,4344,2059
郴,2501,819
琛,177680,86023
臣,1315806,62211
尘,14800,6299
辰,399521,159184
沉,2877,5044
忱,36516,8383
陈,215129,187502
宸,107931,30533
晨,1136672,815879
谌,682,308
趁,6586,28576
琤,1429,3210
称,7219,6199
成,11279627,2009329
丞,54955,3717
呈,93865,28348
枨,411,90
诚,536683,43602
承,1067757,314925
城,742645,38616
宬,1073,264
埕,583,106
乘,11959,2344
珵,369,629
铖,61995,6562
程,758016,179524
澄,51459,21985
橙,6286,6991
骋,14630,2136
池,231479,89236
弛,16315,4568
驰,149894,23612
迟,7189,3961
墀,293,82
赤,5377,6294
炽,31042,1951
冲,342204,46518
充,6774,1195
翀,25201,6308
憧,785,647
虫,911,1052
崇,655729,200477
宠,4788,2097
铳,210,16
仇,408,218
俦,148,60
畴,1914,153
酬,379,247
筹,1439,311
初,417347,85158
杵,343,79
础,2529,412
储,5238,1190
楚,335756,360955
褚,292,231
川,1118609,148579
传,2614816,1102966
串,2701,6409
闯,237688,10305
创,187811,7230
吹,422,488
炊,72,43
垂,26297,6294
春,8840099,13237704
椿,20338,7262
纯,441862,480087
莼,131,1322
淳,72124,41007
醇,824,705
词,2884,2578
祠,230,72
辞,1336,1545
慈,42968,126705
次,10451,6529
赐,87952,7251
枞,899,483
葱,2744,12353
骢,1502,231
璁,945,568
聪,1069222,528771
从,627210,406122
丛,80260,105961
淙,2303,791
琮,8743,2530
凑,313,296
粗,2,1
崔,2139,12533
璀,1211,2467
萃,1610,19572
粹,689,877
翠,77218,7421584
村,33931,8105
存,1149087,703633
措,15967,61574
达,1410018,147601
妲,152,3698
笪,1,0
大,3037725,1383096
代,637041,457264
岱,23025,9463
玳,355,706
带,11112,110552
戴,4099,4087
黛,217,12643
丹,303899,3630777
单,11494,49266
眈,9,11
聃,3963,3750
儋,33,49
旦,108972,48912
诞,516,325
淡,3313,9551
澹,161,160
铛,324,355
党,81970,25894
档,577,777
刀,1470,897
叨,239,78
岛,3673,442
道,1654721,610386
的,5522,18104
得,561013,148359
德,11382591,3034488
灯,61854,15226
登,904287,346862
等,2886,7075
邓,15651,11294
堤,3968,1198
狄,12847,2835
迪,460857,405047
荻,3289,8809
敌,3184,438
涤,5052,2663
笛,24310,39101
嫡,83,1150
镝,3272,1239
邸,61,51
砥,884,103
地,87147,44182
弟,444468,487850
帝,46229,6922
娣,22018,2319260
第,7136,2118
谛,603,313
棣,16865,6488
典,144966,43362
点,15932,17215
电,17070,3820
佃,28326,19488
甸,787,884
店,1208,1790
钿,13838,7827
殿,579379,134694
刁,1458,5451
雕,6274,1147
迭,139,153
叠,1263,1339
蝶,2361,156355
丁,232436,148940
叮,1003,1476
玎,1221,2403
顶,58824,7741
鼎,107706,5034
订,154,73
钉,2262,496
定,1150343,484273
锭,3291,1801
东,8220212,1528281
冬,1401055,2940441
咚,1420,613
岽,489,83
董,16530,5149
懂,6705,938
动,35822,3459
侗,1924,542
栋,1220003,32962
洞,4437,794
都,51169,8002
斗,80464,5445
豆,18815,42399
窦,188,193
独,432,539
读,991,209
笃,17821,3225
堵,117,45
杜,26569,29622
度,6188,1751
镀,130,43
端,174811,207960
段,945,12707
兑,650,343
敦,115407,30290
墩,3076,209
盾,7884,729
多,232022,188407
哆,123,180
夺,12227,1345
铎,122819,6003
朵,9736,140501
舵,4151,449
婀,3,1707
俄,1791,1390
峨,637,755
娥,14836,4833231
鄂,3826,2226
谔,8,2
鹗,2,0
锷,2377,248
恩,1580494,521657
儿,75394,287624
而,1626,1739
尔,132058,84814
洱,108,73
二,736402,835214
贰,730,2146
发,4484512,708266
法,1168919,67401
帆,478220,285785
番,4343,4410
蕃,1208,789
藩,10688,1178
翻,3286,9231
凡,1249979,792564
钒,8937,4228
樊,10348,6640
璠,8466,22648
繁,138462,67760
蘩,45,102
反,4483,1053
范,96820,141701
梵,4942,4257
方,1775954,1290319
邡,4,4
坊,1755,1242
芳,1621795,17846355
钫,547,942
房,33759,4805
纺,302,2321
昉,3086,3395
舫,4693,9005
放,90968,28005
飞,5213572,1743649
妃,9840,129956
非,101522,50602
菲,61661,803923
绯,415,2047
霏,16534,82923
斐,72863,105514
翡,744,5124
费,1397,543
分,16847,127655
芬,169957,9044552
纷,305,4715
汾,453,1289
粉,7186,669340
份,296,811
奋,42429,13138
丰,1208088,297327
风,771131,2518815
沣,12759,2150
枫,165961,82373
封,8481,938
峰,5863450,528587
烽,86785,4500
锋,3160501,208152
蜂,1141,3160
冯,14921,7725
逢,81983,37974
凤,1899398,16170557
奉,50473,31710
俸,2109,933
佛,25361,11699
夫,267998,68595
敷,91,85
伏,74242,100337
芙,2406,155921
孚,2971,777
绂,72,26
符,1338,699
涪,983,216
福,7617439,1830935
甫,358992,27683
府,24676,803
俯,79,4
辅,17045,1181
付,1437762,419838
阜,2266,211
复,55569,17209
赋,8663,616
傅,4322,800
富,4678606,646489
馥,5441,29443
伽,2493,4389
嘎,17208,13541
尕,3441,11351
改,71320,973131
盖,6191,810
甘,9364,5995
敢,24836,966
感,981,290
干,195905,60130
淦,53046,3899
赣,6266,987
冈,4260,195
刚,5298773,54426
纲,63647,1220
钢,433473,6684
罡,35173,796
岗,248584,2906
港,89578,4024
皋,3996,113
高,1989633,247741
郜,78,14
戈,49167,17842
鸽,18538,137021
歌,44489,136870
革,166002,54547
阁,105031,124410
格,100443,346407
哿,286,205
舸,6858,2161
葛,6821,2400
各,8858,17353
根,3150023,628983
亘,1267,271
艮,43223,68203
庚,215470,48963
耕,32193,3739
赓,5236,169
耿,82459,7210
更,68495,7703
弓,3101,183
公,114954,17652
功,525672,56298
攻,425,113
宫,2016,591
恭,28536,2182
龚,5863,1428
巩,3490,626
共,7574,1596
勾,7,3
钩,861,121
苟,17574,1427
姑,622,82877
古,28515,11759
谷,69954,75245
鼓,224,43
固,12690,888
顾,4018,1527
乖,2215,9747
关,182042,81075
观,223611,148789
官,222168,44703
莞,897,7068
馆,60,7
管,3878,1719
贯,25035,4999
冠,453553,91190
瓘,35,15
光,7346787,2043014
广,4101481,1033730
桄,442,60
归,5270,2770
圭,2557,1429
规,3611,576
瑰,611,11460
癸,1181,414
柜,304,73
炅,4832,1051
贵,5655959,2012714
桂,2561248,15588785
桧,1470,2519
郭,15947,23816
国,18301106,3807903
果,221559,322482
过,12654,12499
哈,15871,3802
还,3150,3991
海,13454516,6106893
含,58652,164276
函,30961,50228
晗,121520,202320
焓,3662,5076
涵,461895,738806
韩,58734,41428
寒,130974,190698
罕,10623,11715
浛,620,2222
汉,1984348,403287
捍,7995,608
悍,413,16
菡,2841,60624
撼,867,89
翰,139274,9966
瀚,152948,19719
夯,2606,906
行,481566,83969
杭,161756,47213
航,1032841,144549
沆,491,121
蒿,1064,289
毫,51054,1921
豪,2337394,40411
好,355376,352329
郝,3396,1393
镐,6056,145
昊,1017892,72864
浩,3846759,212163
淏,12151,1254
皓,398730,57128
皞,2306,284
颢,22368,5700
灏,71944,6972
呵,667,855
禾,25221,39126
合,897555,220939
何,69606,67630
和,2825285,665518
河,715451,47760
荷,11624,406350
核,1900,738
贺,502118,188844
赫,106716,28487
鹤,242290,134543
壑,675,288
黑,48178,44963
亨,71269,8808
哼,69,22
恒,1960624,340356
珩,25444,13317
桁,2624,304
衡,161576,21865
蘅,2230,2654
轰,1311,250
訇,4,6
烘,2345,493
弘,109650,35884
红,5428392,16245963
宏,3417987,1012646
泓,128118,56803
虹,111915,756124
洪,6677683,2535634
鸿,1164292,360045
侯,6718,2239
后,190459,64980
厚,617971,152962
候,6133,2033
乎,100,45
呼,1501,275
胡,37791,59034
鹄,4290,1014
湖,114125,12147
瑚,1455,4029
虎,2074758,27123
浒,2855,103
琥,3629,425
沪,4310,837
祜,1230,84
扈,16,2
花,93101,11919454
华,17364822,17898572
哗,346,673
骅,21249,5580
铧,9817,5095
滑,414,536
化,345788,148138
画,2213,12538
桦,71418,74643
怀,1634943,610489
淮,48534,5220
槐,39552,11003
欢,571001,1007258
环,137532,781894
洹,1158,552
桓,57496,7523
寰,12523,3774
奂,1135,1354
换,29087,153642
唤,1576,14279
涣,1865,1685
浣,304,1377
焕,884773,1208234
荒,493,93
皇,19840,4681
黄,44157,41014
煌,207416,18202
璜,3193,1571
蝗,30,9
篁,27,12
晃,6284,1488
挥,4408,576
恢,1256,132
珲,12941,3872
晖,324732,157805
辉,7771469,1868900
徽,31489,15995
回,10836,23360
卉,4582,149573
汇,34252,22609
会,1678635,4164143
荟,4088,53778
绘,5278,32087
惠,731364,3644875
慧,591876,5187528
蕙,868,40608
火,315888,178058
伙,31382,31082
钬,217,17
货,6647,416
获,1242,545
惑,53,33
霍,662,119
击,179,46
玑,383,401
机,8235,3885
积,155059,25947
姬,774,112371
基,583083,70011
箕,330,104
激,2713,843
及,2420,517
吉,2185444,908329
级,2437,323
极,7563,1070
即,224,98
佶,5730,2026
集,36663,7095
楫,371,67
辑,1697,527
籍,883,535
己,2867,1909
戟,2182,414
计,166796,62657
记,205350,72691
纪,651471,335091
技,4936,640
际,89754,18246
季,81198,73905
济,196228,39115
继,2487817,1074053
偈,110,18
寄,2641,1362
绩,5503,863
蓟,224,159
霁,12033,14417
暨,70,19
稷,2241,309
冀,20730,5087
骥,43685,2851
加,1516711,586218
佳,2485494,3737626
迦,5844,3493
珈,16350,31275
家,4834744,1637931
笳,300,520
葭,233,1589
嘉,1427142,1175355
镓,4084,1635
夹,26,13
荚,0,2
甲,203733,43546
贾,2288,1302
价,188,79
稼,6308,1123
尖,4748,4152
坚,686330,110197
艰,12,15
监,1101,87
兼,1067,439
菅,97,141
笺,67,110
俭,182204,53532
捡,1018,911
检,19504,29519
简,6897,6553
骞,51777,12838
见,222045,57707
件,9344,838
建,15013980,3958240
荐,3266,899
剑,1280392,237255
健,2589280,408024
舰,29876,2358
涧,2021,985
楗,1032,66
鉴,75474,5649
键,112876,10655
箭,11935,1391
江,4771861,690171
茳,370,211
将,59469,2151
姜,15289,17488
疆,28678,3290
奖,3983,541
蒋,7451,1741
降,2497,599
绛,142,435
郊,534,355
娇,27115,2223329
姣,19107,1302030
骄,13978,15426
蛟,48373,11291
焦,4002,8477
角,2212,1302
佼,3079,7769
矫,373,437
皎,4379,21016
叫,3764,6442
觉,26636,7208
教,27521,6104
阶,8143,580
皆,3746,766
接,3312,3092
揭,12,12
节,34722,35825
劫,3,5
杰,8469509,2801490
洁,288021,2392238
结,82042,129433
桀,3075,496
捷,188062,114801
婕,566,331679
颉,7897,5134
睫,78,456
解,29139,22229
介,33912,9430
界,32364,1777
诫,14,1
巾,906,6211
今,13193,35218
金,11246818,10908356
津,103432,74251
衿,734,1337
矜,209,759
琎,2215,1489
仅,388,583
堇,86,234
锦,1928092,1080715
谨,19447,17458
瑾,54154,255707
尽,7631,3943
进,2896642,597586
近,22798,15191
劲,211995,21764
荩,232,485
晋,357191,136465
浸,103,144
靳,2148,1626
缙,1968,513
觐,663,208
京,489678,295323
泾,1159,536
经,182688,41007
荆,4708,6728
菁,20720,242400
旌,3248,944
惊,6268,2034
晶,262194,1595958
睛,1081,13578
兢,5065,3466
精,31249,21760
井,464372,272221
景,2064503,1205700
儆,436,222
憬,2357,2440
璟,31447,49340
警,12396,2506
径,2127,1213
净,9960,55842
竞,40264,31104
竟,16328,8499
婧,951,627251
敬,1075209,660543
靖,376645,323446
静,546798,5487469
境,16720,6668
镜,102621,31443
迥,257,69
炯,95649,14053
九,380714,363912
久,569945,209950
玖,68756,32175
酒,273,435
就,22789,3440
居,76889,22991
驹,34650,732
琚,691,615
鞠,384,1377
桔,5310,23075
菊,129492,7544272
矩,439,60
举,580245,59324
巨,115593,21174
炬,27800,2552
钜,11724,268
剧,170,165
锯,14,2
聚,136981,17796
涓,715,19900
娟,20518,9913259
鹃,841,38423
珏,28168,68337
爵,9676,487
军,15118344,1457745
均,1162749,293417
君,2283288,3168083
钧,301356,45584
筠,8126,48572
俊,7393545,3608928
郡,11105,14150
峻,154449,18545
隽,20938,18758
浚,31625,3701
骏,361656,24153
珺,26810,105805
竣,33440,2615
卡,11488,9827
开,2396544,1053455
凯,2897232,404470
垲,2070,195
恺,116554,18253
铠,27246,2796
慨,1807,195
楷,199168,11760
锴,75447,3688
刊,2141,919
龛,7,0
堪,3191,399
坎,4131,2801
侃,30245,3825
阚,214,82
瞰,284,95
康,2382387,230307
慷,7264,405
亢,2480,724
抗,14220,6742
考,21278,5791
烤,156,14
苛,2372,3783
珂,140098,236051
柯,172857,119462
轲,38029,11569
科,1496796,148821
颗,724,556
可,602758,588832
坷,3326,2822
克,1919779,721759
刻,936,179
锞,1042,394
肯,4009,685
恳,2038,413
坑,28,5
铿,12169,849
空,10745,857
孔,117244,41164
寇,357,173
库,124005,770
酷,328,50
快,13729,7762
宽,731525,53898
匡,5023,417
狂,501,44
邝,109,20
圹,82,38
旷,3695,774
况,1484,717
矿,13430,500
岿,1212,193
奎,1638173,156092
逵,10842,209
馗,2006,88
揆,626,40
葵,38732,104749
魁,307815,13321
坤,3314404,964709
昆,449635,65247
琨,89494,40107
焜,24325,1967
锟,52597,4576
鲲,22267,2813
阔,82592,5345
廓,630,139
拉,32068,69116
腊,38267,356923
来,1927459,470219
莱,3773,5467
徕,255,84
赖,3744,798
籁,94,56
揽,238,476
兰,652920,24861769
岚,52006,258966
阑,96,1192
蓝,14903,78467
澜,17130,47180
篮,148,784
斓,542,4936
镧,97,288
烂,2141,4067
郎,22228,4683
琅,6875,4055
榔,258,154
稂,30,25
朗,119219,23054
浪,242067,38491
劳,3752,906
老,183237,87316
烙,1405,298
了,1520,4271
乐,1655955,765259
雷,1229889,121884
檑,1191,206
镭,9023,2017
耒,475,166
垒,86890,8956
磊,2766464,265256
蕾,71486,691531
累,2365,1149
棱,1867,1484
冷,2990,10726
离,451,649
骊,1561,5577
梨,5140,65160
犁,1575,1764
鹂,662,6793
蓠,10,48
璃,128,359
黎,216469,236173
藜,290,1369
礼,1858895,405398
李,242866,340044
里,145066,25262
俚,109,207
理,369278,83390
鲤,541,519
澧,567,307
力,911631,239556
历,21241,8621
厉,792,692
立,5197258,2420716
丽,359797,20528424
励,11828,10377
利,3811732,4106736
沥,1374,2408
隶,276,131
荔,3035,32265
栎,4154,5103
郦,210,3167
俪,204,14224
俐,6941,131708
莉,29232,3514089
栗,3107,3252
砺,911,381
砾,909,1244
笠,5531,1540
雳,1842,572
溧,664,810
连,2470338,5909622
莲,59543,6951917
涟,623,3132
联,228780,122653
廉,28883,6889
濂,856,246
镰,486,229
琏,1141,1466
练,25553,14785
炼,44492,15252
恋,6760,89780
链,3342,4090
楝,206,175
潋,459,776
良,6237726,1020847
莨,153,50
凉,3867,4978
梁,303513,24709
椋,583,100
粮,22943,3604
亮,5446696,298582
谅,1688,520
靓,14916,77892
量,15761,1595
晾,143,112
辽,13360,3841
廖,794,490
列,30376,26180
洌,240,108
烈,157896,30258
邻,1538,1076
林,13365978,3780381
临,27921,10773
淋,50635,59145
琳,267125,1981816
粼,493,598
遴,141,71
霖,479843,172023
鳞,971,532
麟,226255,45063
凛,1949,800
蔺,2365,2345
伶,16949,222392
灵,338141,891600
苓,14291,209929
泠,542,4312
玲,316115,13554732
瓴,391,240
铃,32357,164617
凌,296152,280279
陵,20795,9431
聆,625,3868
菱,1510,21242
棂,217,334
翎,3918,17454
羚,1982,14660
绫,82,874
零,2334,2889
龄,19990,35504
岭,384847,146854
领,227987,83667
令,517360,306331
呤,141,325
刘,144566,184480
浏,3072,2068
留,313853,133805
流,62564,13894
骝,976,86
榴,1141,16453
鎏,2519,1050
柳,186917,805452
六,245895,257483
龙,10552349,752701
泷,9465,1357
珑,24652,20701
胧,862,332
隆,419696,58158
垄,958,481
娄,668,278
楼,82202,25827
卢,7460,3805
芦,2141,3981
炉,10541,943
鲁,125653,40233
陆,139264,49665
录,333263,33576
鹿,6099,5216
渌,343,541
逯,120,104
禄,650019,64155
路,516727,272417
潞,5139,18500
璐,118184,847697
鹭,6504,21938
麓,784,829
露,156231,783038
虑,417,266
栾,720,3385
鸾,1714,51126
銮,19957,116294
略,15498,1842
仑,23293,2072
伦,1034689,166594
纶,3171,568
轮,15571,2817
论,10337,5264
罗,114876,77053
椤,114,46
锣,570,136
跞,433,194
洛,62110,29851
络,876,381
骆,3712,886
珞,2203,4431
落,7805,7488
雒,63,31
吕,28226,9674
侣,2778,1272
旅,2373,707
铝,2484,419
履,199,271
律,13102,4393
绿,21605,76186
麻,841,1235
马,62614,44963
玛,24369,66889
买,4403,8347
迈,9238,5421
麦,27718,140500
满,792691,839757
曼,20086,564146
蔓,1310,68495
漫,8592,112009
慢,1862,25509
镘,63,1134
芒,4341,6473
忙,5753,16865
漭,469,45
猫,2353,3428
毛,284242,250538
矛,1369,371
茆,47,25
茅,717,383
茂,2068010,640657
冒,587,129
懋,11551,1893
么,2360,31908
玫,1589,80315
枚,7084,220404
眉,2476,46446
莓,5,538
梅,263700,20222859
嵋,159,1184
湄,123,4607
楣,387,1562
镅,23,333
每,85,429
美,948017,12273055
渼,11,218
镁,684,5403
妹,67224,4641222
媚,1087,355996
门,6110,5176
萌,135637,548727
蒙,150013,248999
盟,35955,21099
檬,3269,8859
朦,4214,23429
猛,432342,9541
锰,5784,412
孟,576869,438409
梦,514280,2534796
咪,1593,43661
弥,853,1157
迷,2284,17403
米,33644,151438
敉,186,375
觅,1195,2494
秘,4271,6860
密,27330,85225
谧,467,1338
蜜,3804,31937
绵,28619,30356
棉,12318,73211
勉,16539,21031
冕,9212,4935
面,292,2139
苗,126942,737980
淼,226798,220289
渺,2404,4916
藐,179,455
邈,1813,2102
妙,61858,459569
民,4816283,455642
旻,35106,26911
珉,17253,10806
闵,3430,5047
泯,1648,753
闽,20087,11931
敏,2069644,7372862
名,345669,96618
明,22039064,6200273
鸣,419738,167644
茗,27942,50186
铭,1141720,285259
溟,1201,399
缪,513,396
谟,1890,102
模,50365,5727
磨,611,146
末,2939,4812
茉,225,12347
沫,6131,10721
陌,584,707
莫,7614,12969
秣,50,15
蓦,190,192
漠,2258,1107
墨,41071,35699
默,20917,18332
牟,389,146
眸,151,212
谋,102055,7268
母,1071,2463
亩,363,248
姆,585,34625
木,805962,415916
目,3067,2582
沐,32265,18631
牧,23517,11269
睦,7130,1610
慕,21083,50563
穆,6117,4666
拿,753,1082
那,3076,12418
纳,11073,51184
娜,12873,3982167
乃,450378,203869
鼐,570,82
囡,2530,50263
男,268146,400046
南,1098412,586587
楠,612305,1041097
讷,329,1585
嫩,1815,17128
能,657953,147708
妮,21468,1585779
尼,8318,14859
泥,903,2648
倪,5174,13358
霓,1801,24351
旎,217,17832
年,863688,407692
念,200088,157334
鸟,1091,8799
捏,0,1
聂,2389,1590
宁,1500949,1266859
柠,6486,12752
凝,5625,52769
甯,148,138
泞,837,1078
妞,2277,119075
牛,113967,16524
农,52374,10796
浓,8925,33787
努,2748,5012
弩,319,55
暖,10506,40028
挪,588,2316
诺,57053,126380
女,10515,1047638
讴,165,155
欧,29435,21473
鸥,14845,25045
偶,529,2649
排,2637,2215
牌,747,259
湃,5461,1110
潘,36655,21209
攀,251040,55754
盘,18421,14104
磐,2236,312
泮,1110,854
盼,149784,407861
畔,2956,4391
庞,3431,390
胖,17201,22323
跑,1063,419
炮,2151,180
培,2099553,1181216
裴,3663,6457
沛,334599,172876
佩,250435,915819
配,12974,24935
霈,3467,3740
芃,15174,11140
朋,1321034,145751
彭,65692,17591
棚,31320,1869
蓬,29522,8092
鹏,5494636,268187
澎,39218,2765
碰,1816,3036
丕,101342,38819
皮,1561,773
漂,1770,4731
飘,16215,43868
拼,1629,1109
姘,9,257
贫,404,380
频,3283,6331
嫔,68,7004
品,374815,215684
娉,72,25809
平,11506827,8155650
评,3756,3245
坪,21199,16415
苹,18935,604840
凭,2827,1628
枰,370,263
屏,8728,65019
瓶,477,3800
萍,163805,8084222
坡,185641,6923
珀,2584,1019
莆,495,215
菩,172,606
蒲,7797,15516
璞,52841,22736
濮,1702,378
朴,39247,12899
埔,2227,266
圃,1423,478
浦,26127,4173
普,313882,57953
溥,6570,617
谱,8369,1140
瀑,473,137
七,67808,95719
栖,2618,4891
戚,559,239
期,13926,4459
漆,356,165
蹊,1069,567
亓,370,559
齐,437968,147489
祁,11414,3560
圻,6096,3506
岐,184117,16089
其,1680147,568039
奇,1422950,248191
歧,16166,1591
祈,7732,2608
荠,200,832
耆,76,11
颀,2884,3416
萁,760,2500
崎,10736,3942
淇,93700,128265
骐,24809,4348
骑,4013,325
琪,624970,1507215
琦,601285,717770
棋,149306,61777
祺,206639,107625
綦,256,111
旗,304413,38790
麒,108054,20343
芑,77,115
岂,1155,176
企,3713,440
杞,4201,1488
启,2622619,894022
起,486474,53174
绮,6035,143328
气,8667,2041
器,2306,159
恰,1276,2106
千,193589,115345
仟,12124,10952
芊,5138,55583
迁,30775,13617
岍,214,192
佥,113,69
钎,1145,1043
铅,1618,835
谦,258996,43097
钤,996,724
前,561489,123569
钱,108370,38734
钳,752,679
乾,586490,77189
潜,14459,2805
黔,16416,4577
浅,970,2673
欠,4511,48122
茜,15187,557392
倩,29448,2046375
嵌,300,1422
锵,2965,207
强,9894803,166043
墙,1603,362
嫱,19,5691
镪,1790,46
悄,573,1884
乔,181054,203236
侨,21289,12078
荞,503,2719
峤,2332,1223
桥,503352,150945
谯,142,64
樵,4623,751
巧,117676,2745085
俏,6625,68416
翘,2813,6639
郄,1,0
钦,856964,273133
亲,9706,28769
芹,141990,5101147
芩,333,8258
秦,51430,37128
琴,112856,9583624
勤,1011453,1693111
沁,22693,91629
青,2677163,3849498
倾,1067,1187
卿,322196,534811
清,6065189,5674373
情,46748,180251
晴,61431,791380
擎,10618,5185
苘,60,114
顷,969,305
庆,6727267,2523574
箐,1317,6999
磬,558,934
罄,60,122
琼,203950,5542765
丘,2037,621
邱,4484,3725
秋,1541636,5325241
萩,67,269
楸,334,328
求,45190,17854
俅,173,33
逑,99,148
球,227033,160759
裘,1095,115
区,3110,675
屈,482,304
渠,17417,6163
蕖,113,641
瞿,556,265
曲,13270,26888
取,4174,3363
去,1060,645
趣,413,637
权,2374044,114493
全,5494055,722606
荃,8124,9345
泉,1613991,127255
拳,358,32
铨,53335,2237
劝,768,8619
雀,1094,4597
阙,57,36
群,1317926,3771495
然,732460,607241
燃,35400,22867
冉,102848,262417
苒,1558,9439
染,888,2837
让,83618,26377
饶,5891,3915
娆,248,10948
热,6814,6305
人,103250,29891
壬,6379,6864
仁,3270504,892925
忍,14260,12652
认,1679,5646
任,212911,78677
韧,8680,2626
仍,853,3303
日,714199,288666
戎,5184,4216
荣,8365962,10872422
容,167200,3005572
嵘,33869,23473
蓉,20764,2112103
溶,3419,17456
榕,76794,151481
熔,4156,8766
镕,7566,4032
融,15581,16718
柔,4576,122193
如,1228911,1543060
茹,39755,1481962
儒,360356,98125
濡,570,541
汝,462339,343410
阮,742,990
蕤,1767,2942
蕊,20787,776641
芮,17929,114037
汭,447,545
锐,741421,239332
瑞,3447610,4040395
睿,475759,327770
闰,8715,6615
润,969991,925586
若,190896,418317
偌,386,2526
飒,3624,17747
萨,1301,2685
塞,1586,1240
赛,151104,461332
三,1010333,1069449
桑,35043,36916
啬,2,7
森,1721708,99019
沙,26220,192937
砂,384,999
莎,3959,463875
厦,2945,2737
山,4140332,152161
杉,39787,74051
钐,387,926
姗,1062,269585
珊,69886,1084760
舢,17,4
闪,12828,65595
善,1348174,426361
商,2119,1045
晌,242,168
赏,4321,3817
上,145933,28221
尚,890300,284686
烧,219,1002
韶,56103,31907
少,1964904,1533971
邵,26336,9648
劭,9659,1876
绍,2211957,886902
哨,1415,1042
畲,1,0
佘,123,77
舍,2019,4663
设,116743,4002
社,240911,105236
涉,406,136
滠,44,7
申,434090,71205
伸,8863,1045
身,6672,532
诜,1,2
绅,6497,320
珅,10357,3432
莘,3493,6239
深,233202,19056
燊,38884,3767
神,17382,4658
沈,23571,11299
慎,45927,17336
升,1096255,90851
生,9911275,727828
声,256071,44259
笙,4748,1244
绳,1251,358
省,71768,30130
圣,829019,217324
胜,4863900,771352
晟,138483,14228
盛,1069196,162171
嵊,85,13
师,110263,33800
诗,456531,817526
施,19144,38530
湿,128,73
十,25139,16577
石,625900,245100
时,338406,162187
识,5288,1380
实,88878,28003
拾,6534,6365
史,3992,1432
始,2459,395
士,1767120,772467
示,275,192
世,5020341,1952886
仕,1408323,717367
市,6670,1415
式,5330,755
事,6503,532
侍,131,88
适,9256,2508
轼,1404,133
释,2086,1718
奭,313,72
守,1532834,645566
首,40233,7200
寿,1068293,219235
受,4697,1528
绶,20,10
书,2289071,2376852
抒,2714,7035
纾,264,1643
枢,18774,2409
叔,11369,58991
姝,1304,215606
殊,2787,4946
淑,218984,11393410
舒,106933,388430
疏,703,1356
属,415,453
署,4625,676
蜀,7002,6380
曙,93528,21232
术,163158,343195
述,230551,202608
树,3643426,1597134
恕,10896,2038
数,3530,2663
漱,246,471
澍,18586,5303
率,3544,678
帅,1656210,124759
栓,95449,16713
双,1548661,1588049
霜,16910,159179
爽,173140,472804
水,1932983,1509759
税,1227,905
顺,3793441,1256480
舜,96419,39567
烁,67481,37690
铄,13232,7097
朔,29590,8441
硕,448078,129188
司,15552,11962
丝,1567,55551
思,1552324,2205170
鸶,15,402
斯,137615,174163
锶,2417,10270
偲,4509,11687
似,971,1926
巳,639,324
四,559931,598171
泗,7752,2964
肆,591,193
嗣,31506,3947
松,4076954,658906
凇,4274,670
崧,10206,4618
淞,36047,3651
嵩,59439,5142
宋,40423,43799
送,20599,7242
颂,47571,20308
苏,227865,683369
稣,275,355
肃,7741,4278
素,163900,7101852
粟,5075,3729
塑,836,355
溯,3622,1552
绥,1966,1282
隋,404,329
随,36777,20163
岁,16516,12556
遂,14726,6649
燧,265,62
穗,12225,34591
孙,46880,14824
所,22859,6770
索,2881,1949
锁,325112,42022
塔,8027,4691
台,20026,12834
太,1130902,278647
态,37,4
钛,550,24
泰,309737,13795
坍,39,167
滩,934,345
坛,7113,3168
郯,163,59
谈,2739,1204
覃,3660,2743
锬,1044,197
谭,6584,2412
潭,19315,4254
檀,2246,1562
镡,305,207
坦,23777,6768
汤,2422,529
唐,57123,15053
堂,1315186,104401
棠,98740,60360
塘,4153,664
瑭,862,1072
傥,126,25
弢,6360,967
涛,5976855,394080
焘,18344,1239
滔,149791,12180
韬,199085,13602
桃,251263,1446518
陶,45026,24687
淘,9947,2827
特,49446,6675
腾,572905,103970
滕,12886,5796
藤,5402,7536
提,6580,11957
体,78599,32976
倜,1637,507
悌,1356,293
惕,508,304
天,3898747,1165745
添,367433,89626
田,1617097,516004
恬,3770,63874
甜,24550,403688
湉,429,4645
条,1250,7988
调,1042,9525
眺,395,376
铁,766705,95149
厅,7333,2294
汀,9615,7508
听,12347,9813
廷,1683342,671702
亭,329418,352524
庭,616216,177002
停,44116,57426
葶,73,3333
蜓,156,1818
婷,16026,5187669
霆,46007,5379
挺,95577,6102
珽,981,430
艇,7957,567
通,623773,44789
仝,1987,658
同,1054327,290570
佟,6687,4172
彤,145564,712714
桐,241253,202173
铜,30706,4346
童,129016,113964
僮,1294,1689
潼,13052,23278
瞳,5896,9407
统,82564,6358
头,46110,29342
图,58174,9918
徒,171,164
涂,381,113
屠,0,1
土,222652,79278
钍,77,12
兔,6382,4694
湍,349,105
团,109267,61467
彖,2,0
暾,2049,322
屯,5184,273
囤,4049,36
托,7692,4017
脱,208,219
拓,32107,2571
娃,157469,146690
瓦,8551,2469
崴,8024,3271
外,7406,8798
湾,2888,12541
纨,12,164
宛,4076,53678
菀,280,7190
晚,25056,116255
婉,3215,723991
琬,839,37641
皖,10039,17858
畹,35,168
万,2939435,902106
汪,20139,5005
王,109179,219498
网,4178,6516
往,2467,1624
旺,1717846,115686
望,243430,104712
危,1314,543
威,1387835,152033
葳,6380,10625
微,59694,463014
薇,6435,634983
巍,249219,119724
韦,67216,52799
为,636286,218433
围,9947,7488
唯,34998,47709
帷,581,363
惟,19446,9315
维,2494055,1361860
潍,2063,1045
伟,12462887,2321665
苇,11631,21787
尾,5740,18486
纬,38849,9633
玮,302090,267725
委,75565,10959
炜,550735,136597
娓,218,7708
隗,87,47
卫,2503962,934264
未,26281,25736
位,54375,12653
味,1373,4836
畏,7389,2117
谓,555,140
尉,22857,6071
渭,20583,3334
蔚,79039,124304
慰,10878,7226
魏,37089,19461
温,44301,31677
玟,2131,26048
文,20233017,9234528
纹,4966,17359
闻,59846,25949
雯,42575,1362152
稳,167287,85276
问,8314,7163
汶,44184,46212
翁,2646,1058
沃,12156,521
乌,3083,8524
呜,2175,1201
屋,194,604
无,13501,7415
毋,6,10
吾,18376,17293
吴,23372,11577
梧,5862,1913
五,253641,229290
午,34917,4128
伍,300644,85546
妩,11,1385
武,3480015,170080
舞,4614,7337
兀,270,135
务,7756,3834
物,851,390
悟,3121,753
鋈,104,28
夕,63538,77699
兮,2202,9159
西,814991,440151
汐,3977,15577
希,939862,557733
昔,9675,5916
析,1921,1760
奚,711,1041
浠,2056,4048
晞,3471,6407
烯,1943,2377
惜,6226,102769
晰,6309,11339
稀,4502,6332
翕,1111,1197
犀,1114,773
皙,318,1527
锡,876441,268369
溪,93351,69202
熙,326654,135662
熹,23062,12535
羲,23356,7732
曦,161370,192895
习,145349,76539
席,24613,10749
袭,850,299
洗,2619,902
玺,169415,34669
铣,1430,203
喜,3314498,1563779
禧,38702,14782
系,579,376
细,160509,623231
虾,10206,19874
侠,73750,2220719
峡,2900,7247
遐,916,2029
瑕,355,10098
霞,117762,13143345
黠,279,606
下,1753,938
吓,795,11305
夏,132980,297767
仙,115317,3024966
先,2575618,2099083
纤,989,15196
掀,198,116
鲜,22424,155786
闲,1780,6801
贤,2340217,1701576
弦,9750,11194
咸,20939,7420
娴,704,335284
衔,2249,506
鹇,1,8
嫌,62,1697
冼,211,68
显,1199404,498592
县,14009,2263
现,482548,187051
线,2949,11452
宪,720236,266357
羡,2954,6818
献,420110,182742
项,12213,4662
乡,3827,3000
芗,64,454
相,828983,320955
香,492305,12282149
湘,303057,348442
缃,11,72
骧,2401,348
镶,204,310
详,6798,585
祥,8401216,1104209
翔,1172846,110559
享,30640,9276
响,81551,36259
想,158238,130251
向,990465,398949
象,19389,2619
肖,147036,358920
枭,26064,3478
哓,2612,7149
骁,61798,8580
逍,16203,7476
虓,3250,274
宵,15461,17468
萧,18653,23942
销,1214,563
箫,6367,8622
潇,165211,205159
霄,97828,75999
小,7088341,14117462
晓,4649343,9694009
筱,23356,148556
孝,1480597,625428
校,90542,12886
笑,124507,414560
效,183390,58962
啸,99879,11443
协,24201,4977
勰,3363,1573
谢,15057,9196
懈,108,124
燮,2862,561
心,562865,829995
芯,6926,97368
辛,42193,52951
忻,7024,16596
昕,193647,332800
欣,757851,2655500
锌,7487,4117
新,8105146,3786627
歆,19965,55141
薪,13242,19909
馨,38951,602489
鑫,2872911,1069719
信,1196622,200308
星,2005457,772556
惺,1384,1052
兴,7743425,2166399
邢,1052,726
形,1321,1027
醒,16371,18849
杏,72692,738186
幸,104496,83094
性,1872,853
婞,1,349
兄,1938,33260
雄,2294222,136472
熊,34998,3411
修,871393,286822
庥,149,32
宿,744,474
秀,2050069,29968210
岫,1862,2333
绣,1304,19200
琇,491,3363
锈,274,1175
须,4433,3877
胥,1596,408
顼,971,322
徐,67542,38935
许,88312,45077
诩,420,178
栩,37403,25797
旭,2786547,843773
序,34065,10768
叙,25885,8403
勖,1169,290
绪,595054,283105
续,39829,11258
絮,1352,10070
煦,22178,11797
轩,1063877,256756
宣,355092,167385
萱,23956,278452
瑄,12015,32606
暄,12869,23673
煊,47501,22604
玄,44750,19720
旋,115742,126741
漩,2939,8390
璇,58032,489481
选,287812,67410
烜,19308,5358
泫,664,595
炫,73377,24687
绚,1440,9792
铉,5341,894
渲,2451,4181
薛,6698,8381
学,6969403,2640010
雪,1207580,7568874
血,121,332
勋,583654,42392
埙,136,36
熏,189,130
寻,4610,4838
巡,3690,1268
郇,131,64
荀,2167,1984
洵,11398,5890
浔,1421,891
珣,5503,8575
循,3449,973
训,194638,52089
讯,7969,2370
汛,5367,1977
迅,49192,13881
逊,17553,3633
丫,1730,44610
牙,8611,2828
芽,8391,27694
崖,600,337
涯,5493,2911
雅,152841,2258483
亚,2719227,5042255
娅,3146,399891
胭,15,5641
烟,4619,38444
鄢,126,207
嫣,192,91867
延,1207830,555858
闫,4284,4326
严,97051,48567
言,325766,193284
妍,4229,771690
岩,750863,466798
炎,604810,164234
沿,8317,4956
研,46193,50945
盐,429,399
阎,242,188
颜,82840,213755
俨,2487,1074
衍,204053,66790
剡,410,111
眼,4429,8627
琰,43756,79947
演,9489,5239
砚,34642,21538
彦,1858312,1503650
艳,1084458,13871250
晏,37610,33364
宴,9486,8182
堰,1332,2345
雁,101017,259717
焰,37260,20299
焱,183978,92426
滟,631,11097
燕,658249,9408487
央,12388,23386
泱,2072,2515
鸯,342,9138
秧,726,5138
扬,630865,184888
羊,35373,9065
阳,3044027,987066
玚,515,751
杨,863324,433274
旸,19716,13269
炀,21219,5769
洋,2183245,633664
仰,34406,6009
养,93984,12853
样,11734,15887
烊,2335,837
漾,2559,3405
尧,610873,97872
侥,359,291
垚,78722,41141
姚,19110,32241
谣,2657,9847
摇,4399,5278
遥,51759,49593
瑶,151620,1075128
窈,60,5156
药,1005,2164
要,70478,19529
钥,1639,6702
曜,19479,2743
耀,1782057,268631
椰,625,2702
也,16778,19160
冶,17884,5154
野,143761,28209
业,1231967,283053
叶,268901,1254444
页,862,1883
邺,892,286
夜,3206,4863
晔,62108,79370
烨,215848,187222
液,283,294
一,1350901,726812
伊,53683,217330
衣,2595,5798
医,2575,1748
依,103779,423734
祎,49232,81956
铱,855,3894
揖,8,2
壹,18994,7582
漪,2805,29340
仪,131824,498856
夷,2808,5002
沂,16817,16705
诒,904,482
怡,195661,1934409
宜,412563,361864
贻,95395,38002
移,8834,2750
遗,211,96
颐,7166,14997
彝,348,152
乙,53684,49989
已,5918,4244
以,357988,169473
钇,3102,2179
苡,1205,4636
蚁,33,34
倚,6730,11093
旖,839,30523
弋,10196,7543
亿,90333,33782
义,4626326,884269
艺,457676,731635
忆,24450,65764
仡,1124,142
屹,54131,12884
亦,142546,105912
异,9152,5990
邑,3709,3427
佚,1617,1503
译,23628,36111
易,145913,78027
峄,895,149
佾,190,204
怿,6300,5557
诣,2345,1258
绎,2413,1449
驿,5220,2494
轶,84198,53098
昳,483,4258
弈,7349,4717
奕,380058,298585
羿,26483,8322
益,949509,380305
谊,50534,47563
逸,285474,154143
翊,34875,21783
翌,13197,9429
裔,4883,1536
意,354047,346549
溢,43061,19650
镒,3638,785
毅,1246816,182588
熠,59743,31423
薏,371,4712
燚,39053,16643
翼,87649,23206
懿,87580,126689
因,1804,5679
阴,618,761
茵,1360,144069
荫,15153,9474
音,18535,115273
殷,7900,9587
堙,31,40
吟,4954,62720
垠,4380,2949
银,2431020,2674100
寅,128849,30264
尹,22739,36319
引,27284,204417
隐,1351,1504
印,531481,59617
胤,54604,8757
英,2129955,38849711
莺,1864,83882
婴,1241,5795
瑛,36631,309551
缨,1310,9687
璎,315,4767
樱,1715,55726
鹦,139,718
膺,360,190
鹰,38031,34398
迎,311977,482318
荧,3102,26508
盈,64484,288713
莹,74008,1925270
萤,432,5327
营,377872,123995
萦,107,2599
蓥,1461,6359
楹,1758,4263
滢,6139,129220
潆,251,4575
嬴,558,793
赢,21897,15270
瀛,11161,9305
颍,3831,23338
颖,280659,1996886
影,46552,749475
应,1298681,697126
映,181225,356295
拥,113821,17465
庸,6905,900
雍,22895,5113
墉,1669,103
镛,4054,361
永,12090324,4297884
甬,777,106
咏,54875,181637
泳,133155,107851
勇,6630578,235729
涌,46847,2746
用,93596,26775
游,49973,13476
优,71369,90616
攸,1229,1322
幽,489,3640
悠,6278,18761
尤,27254,13309
由,21177,5745
邮,302,126
油,1795,796
铀,929,332
猷,2762,231
友,4988374,1316508
有,3206397,841086
酉,5915,1602
铕,225,40
又,59014,61522
右,10785,3265
幼,43052,190756
佑,329502,121516
囿,592,154
宥,2087,749
迂,214,106
于,157593,81866
玙,1791,7349
余,647652,164557
妤,208,76959
鱼,25124,65225
禺,1311,507
俞,28143,30956
娱,1085,6774
渔,3680,2028
隅,168,67
逾,1248,792
渝,78451,68397
愉,19817,39792
瑜,260128,599936
榆,29183,29356
虞,2595,1868
愚,13862,3161
与,8835,4832
予,38195,61782
屿,4310,3411
宇,4981612,1649683
羽,221616,347213
雨,1478440,2570260
俣,5812,4161
禹,319274,89222
语,51841,197847
玉,9692197,24546985
芋,2279,4515
聿,8288,2914
郁,45412,49399
育,573570,302707
昱,180376,116678
彧,16955,14523
钰,313416,687426
浴,1437,890
预,675,425
域,5596,1432
欲,2856,1863
淯,553,463
谕,8112,8116
遇,4568,3027
喻,12427,20145
御,4731,4862
寓,1906,1229
裕,627649,181393
愈,5110,2256
煜,363160,133127
誉,55257,28346
毓,129501,127283
豫,38642,28227
鸢,304,270
鸳,453,10671
渊,197147,34958
元,5422759,2014584
园,184217,671795
员,22014,19526
沅,38932,14956
垣,15224,1614
袁,24787,26533
原,197724,54938
圆,87444,319794
援,12243,3693
媛,4299,1603373
缘,35024,64902
塬,2521,1087
源,1195887,240750
辕,1488,268
橼,198,287
远,2735939,892280
苑,12925,113272
院,29360,15573
瑗,1211,11666
愿,32447,19338
约,8139,4939
月,1014146,5762995
玥,20257,275690
岳,429515,92244
钺,4375,1023
阅,5889,7070
悦,256868,957818
跃,1412374,370405
越,305994,239711
粤,24343,16336
樾,2467,2793
晕,199,165
云,7039237,12796808
匀,4268,12386
芸,24765,585173
沄,1128,1648
昀,39093,39216
耘,13142,12192
鋆,11056,6130
允,232411,126041
运,1927058,1034629
韫,3622,8564
韵,25120,193156
蕴,20556,65550
哉,241,167
仔,85597,63495
载,11221,1193
再,350620,207389
在,340374,146458
昝,58,42
赞,115573,32254
臧,45,63
早,45348,69624
藻,2977,597
灶,20982,26244
造,4879,295
则,103769,29302
择,6504,950
泽,3707481,965341
赜,792,205
增,1592578,315136
赠,1721,617
栅,431,1951
斋,14458,5390
宅,727,361
翟,1519,568
寨,5232,686
旃,74,102
詹,714,665
瞻,5785,1907
展,351808,58358
崭,686,288
占,1671229,368604
战,306426,19956
湛,34043,5761
张,142869,216136
章,1858892,314191
彰,21166,1320
漳,2556,120
璋,69233,10284
樟,31101,3053
仉,574,49
掌,4312,4137
仗,115,15
帐,2,0
钊,415375,33619
招,96875,389744
昭,465786,218081
沼,2414,492
召,455934,230014
兆,1705153,642858
诏,2216,398
赵,65960,29838
棹,437,160
照,606608,196839
肇,47172,6783
曌,4370,5963
着,831,1129
折,1588,1511
哲,958972,220402
喆,137056,53263
蛰,462,312
者,6921,10853
锗,111,21
赭,41,16
浙,12270,2534
鹧,20,7
贞,291776,1253783
针,5805,37799
侦,3034,3307
珍,861433,18385273
帧,146,383
浈,494,2519
真,379279,977567
桢,52838,38795
祯,129423,73813
蓁,1247,4071
甄,1779,4847
榛,2335,1878
臻,117992,106550
圳,38227,2775
振,5751280,1099154
朕,20134,1401
赈,276,27
震,470506,26335
镇,419678,22186
争,95260,28345
征,281881,56359
峥,81892,41459
钲,6658,514
铮,83847,32060
筝,1223,5146
蒸,844,880
拯,5533,268
整,1744,2832
正,5303172,1970228
证,9596,568
郑,45516,28863
诤,1131,570
政,1217930,93357
之,464904,236712
支,27955,33295
只,2094,6357
芝,440819,6144980
枝,190203,1930836
知,169117,115627
执,9430,5032
直,20792,6889
值,2313,584
职,1411,329
植,73817,9935
芷,10591,164768
祉,9613,13669
指,3102,519
枳,205,287
至,42069,12226
志,15003624,3755448
郅,6518,639
帜,1170,399
制,545,48
质,12209,2668
治,1417276,420211
峙,3366,397
陟,1183,200
致,136269,26782
秩,2121,307
智,2286929,539107
稚,1741,4325
中,3988057,985978
忠,8259176,1258169
钟,183084,38728
衷,322,34
种,2612,769
仲,825089,231386
众,41650,3927
重,173066,33392
舟,180448,48153
州,278879,11178
周,912791,145632
洲,829870,40050
宙,26179,2878
胄,576,99
朱,23358,22127
珠,337870,2035576
株,1009,1587
诸,400,114
铢,56,99
竹,161014,793998
竺,1312,5050
烛,787,930
主,31647,6025
渚,112,35
瞩,129,81
助,19739,2739
住,2796,558
杼,238,146
驻,238,16
柱,1355876,63952
祝,127648,190123
著,16016,2725
铸,31449,922
筑,7273,1953
翥,2545,704
专,25912,20539
妆,36,2262
庄,80156,32784
壮,330446,18945
状,17040,999
隹,503,1007
追,3477,2140
椎,73,26
锥,719,619
准,22531,5695
倬,7967,3586
棁,43,21
灼,38602,10128
茁,7591,5151
卓,548954,311753
琢,23328,14714
擢,6,0
濯,574,189
孜,16302,28972
姿,4079,155953
兹,3781,1151
资,12914,5645
滋,10472,7815
子,3351610,1850913
姊,33,1365
耔,106,211
籽,3331,5503
梓,517371,258613
紫,126175,617141
訾,95,79
自,1109563,467722
宗,2485646,848471
综,685,143
棕,3270,557
总,7843,1104
纵,2700,403
粽,83,74
邹,2645,1052
族,2287,772
镞,46,11
组,161,185
祖,1518290,539361
钻,4131,5497
醉,1215,449
尊,97868,30138
遵,39538,10605
樽,336,66
左,16510,16913
佐,145714,37136
作,562068,182772
祚,35927,6460
